LOCAL,DATA,VALOR
168,20230301 00:00:00,458
168,20230501 00:00:00,480
168,20230601 00:00:00,248
168,20230701 00:00:00,374
168,20230801 00:00:00,777
168,20230901 00:00:00,439.56
168,20231001 00:00:00,584
167,20231101 00:00:00,650
167,20231201 00:00:00,622
167,20240101 00:00:00,1458
167,20240201 00:00:00,331
167,20240301 00:00:00,572
167,20240401 00:00:00,675
167,20240501 00:00:00,753
166,20240601 00:00:00,0
166,20240801 00:00:00,387
166,20240901 00:00:00,609
166,20241001 00:00:00,518
166,20241101 00:00:00,185
166,20241201 00:00:00,690
166,20250101 00:00:00,637
165,20230501 00:00:00,479
165,20230601 00:00:00,250
165,20230701 00:00:00,124
165,20230801 00:00:00,879
165,20230901 00:00:00,219.78
165,20231001 00:00:00,584
165,20231101 00:00:00,650
164,20231201 00:00:00,622
164,20240101 00:00:00,1699
164,20240201 00:00:00,165
164,20240301 00:00:00,572
164,20240401 00:00:00,674
164,20240501 00:00:00,502
164,20240601 00:00:00,178
162,20240801 00:00:00,827
162,20240901 00:00:00,407
162,20241001 00:00:00,346
162,20241101 00:00:00,371
162,20241201 00:00:00,690
162,20250101 00:00:00,637
162,20230301 00:00:00,458
161,20230401 00:00:00,86.66
161,20230501 00:00:00,601
161,20230601 00:00:00,95
161,20230701 00:00:00,125
161,20230801 00:00:00,430
161,20230901 00:00:00,593.65
161,20231001 00:00:00,580
160,20231101 00:00:00,560
160,20231201 00:00:00,530
160,20240101 00:00:00,1222
160,20240201 00:00:00,628
160,20240301 00:00:00,582
160,20240401 00:00:00,661
159,20240501 00:00:00,842
159,20240601 00:00:00,80
159,20240701 00:00:00,534
159,20240801 00:00:00,472
159,20240901 00:00:00,174
159,20241001 00:00:00,190
159,20241201 00:00:00,798
158,20250101 00:00:00,279
158,20230301 00:00:00,458
158,20230501 00:00:00,479
158,20230601 00:00:00,190
158,20230701 00:00:00,374
158,20230801 00:00:00,879
158,20230901 00:00:00,439.56
156,20231001 00:00:00,600
156,20231101 00:00:00,650
156,20231201 00:00:00,622
156,20240101 00:00:00,764
156,20240301 00:00:00,572
156,20240401 00:00:00,674
156,20240501 00:00:00,502
155,20240601 00:00:00,708
155,20240801 00:00:00,275
155,20240901 00:00:00,406
155,20241001 00:00:00,346
155,20241101 00:00:00,370
155,20241201 00:00:00,690
154,20250101 00:00:00,425
154,20230301 00:00:00,280
154,20230401 00:00:00,86.67
154,20230501 00:00:00,601
154,20230601 00:00:00,247
153,20230701 00:00:00,250
153,20230801 00:00:00,144
153,20230901 00:00:00,490.65
153,20231001 00:00:00,436
153,20231101 00:00:00,140
153,20231201 00:00:00,176
153,20240101 00:00:00,1018
153,20240201 00:00:00,628
153,20240301 00:00:00,582
153,20240401 00:00:00,662
153,20240501 00:00:00,842
153,20240601 00:00:00,80
153,20240701 00:00:00,534
153,20240801 00:00:00,475
153,20240901 00:00:00,521
153,20241001 00:00:00,567
153,20241201 00:00:00,1325
153,20250101 00:00:00,279
153,20230301 00:00:00,280
152,20230401 00:00:00,86.67
152,20230501 00:00:00,480
152,20230601 00:00:00,170
152,20230701 00:00:00,249
152,20230801 00:00:00,777
152,20230901 00:00:00,219.78
152,20231001 00:00:00,584
152,20231101 00:00:00,488
152,20231201 00:00:00,466
152,20240101 00:00:00,1530
152,20240201 00:00:00,165
152,20240301 00:00:00,572
152,20240401 00:00:00,674
152,20240601 00:00:00,354
152,20240801 00:00:00,827
152,20240901 00:00:00,406
152,20241001 00:00:00,346
152,20241101 00:00:00,370
152,20241201 00:00:00,517
152,20250101 00:00:00,425
152,20230301 00:00:00,458
151,20230501 00:00:00,601
151,20230601 00:00:00,170
151,20230701 00:00:00,250
151,20230801 00:00:00,144
151,20230901 00:00:00,490.65
151,20231001 00:00:00,290
151,20231101 00:00:00,140
151,20231201 00:00:00,176
151,20240101 00:00:00,775
151,20240201 00:00:00,209
151,20240301 00:00:00,582
151,20240401 00:00:00,441
151,20240501 00:00:00,842
151,20240601 00:00:00,80
151,20240701 00:00:00,534
151,20240801 00:00:00,472
151,20240901 00:00:00,521
151,20241001 00:00:00,567
150,20241201 00:00:00,1584
150,20250101 00:00:00,418
150,20230501 00:00:00,450
150,20230601 00:00:00,170
150,20230701 00:00:00,765
150,20230901 00:00:00,840.3
150,20231001 00:00:00,515
150,20231101 00:00:00,657
150,20231201 00:00:00,432
150,20240101 00:00:00,624
150,20240201 00:00:00,231
150,20240301 00:00:00,542
150,20240401 00:00:00,489
150,20240501 00:00:00,466
150,20240701 00:00:00,513
150,20240801 00:00:00,867
150,20240901 00:00:00,697
150,20241001 00:00:00,736
150,20241101 00:00:00,528
150,20241201 00:00:00,0
150,20230501 00:00:00,479
148,20230601 00:00:00,170
148,20230701 00:00:00,249
148,20230801 00:00:00,777
148,20230901 00:00:00,439.56
148,20231001 00:00:00,584
148,20231101 00:00:00,326
148,20231201 00:00:00,466
148,20240101 00:00:00,1636
148,20240201 00:00:00,332
148,20240301 00:00:00,572
148,20240401 00:00:00,505
148,20240501 00:00:00,502
148,20240601 00:00:00,178
148,20240801 00:00:00,386
148,20240901 00:00:00,406
148,20241001 00:00:00,346
148,20241101 00:00:00,185
147,20241201 00:00:00,517
147,20250101 00:00:00,425
147,20230801 00:00:00,3140
147,20231001 00:00:00,184
147,20231101 00:00:00,664
147,20231201 00:00:00,534
147,20240101 00:00:00,0
147,20240301 00:00:00,656
147,20240501 00:00:00,427
147,20240601 00:00:00,654
147,20240701 00:00:00,312
147,20240801 00:00:00,682
147,20241001 00:00:00,639
146,20241101 00:00:00,684
146,20241201 00:00:00,802
146,20230501 00:00:00,161
146,20230601 00:00:00,240
146,20230701 00:00:00,778
146,20230901 00:00:00,952.3
146,20231001 00:00:00,515
146,20231101 00:00:00,646
146,20231201 00:00:00,288
146,20240101 00:00:00,1846
146,20240201 00:00:00,230
146,20240301 00:00:00,542
146,20240401 00:00:00,0
146,20240501 00:00:00,0
146,20240601 00:00:00,604
146,20240701 00:00:00,512
146,20240901 00:00:00,465
146,20241001 00:00:00,491
146,20241101 00:00:00,529
146,20241201 00:00:00,385
146,20230301 00:00:00,120
146,20230401 00:00:00,86.67
145,20230501 00:00:00,480
145,20230601 00:00:00,170
145,20230701 00:00:00,374
145,20230801 00:00:00,346
145,20230901 00:00:00,439.56
145,20231001 00:00:00,438
145,20231101 00:00:00,488
145,20231201 00:00:00,156
145,20240101 00:00:00,1114
145,20240201 00:00:00,165
145,20240301 00:00:00,430
145,20240401 00:00:00,505
145,20240501 00:00:00,753
145,20240601 00:00:00,532
145,20240801 00:00:00,828
145,20240901 00:00:00,406
145,20241001 00:00:00,346
145,20241101 00:00:00,185
145,20241201 00:00:00,345
145,20250101 00:00:00,425
145,20230401 00:00:00,86.67
145,20230501 00:00:00,601
144,20230601 00:00:00,170
144,20230701 00:00:00,250
144,20230801 00:00:00,430
144,20230901 00:00:00,593.65
144,20231001 00:00:00,580
144,20231101 00:00:00,420
144,20231201 00:00:00,706
144,20240101 00:00:00,464
144,20240201 00:00:00,210
144,20240301 00:00:00,582
144,20240401 00:00:00,881
144,20240501 00:00:00,842
144,20240601 00:00:00,80
144,20240701 00:00:00,356
144,20240901 00:00:00,347
144,20241001 00:00:00,377
144,20241201 00:00:00,798
144,20250101 00:00:00,279
144,20230401 00:00:00,86.67
144,20230501 00:00:00,480
144,20230801 00:00:00,102
143,20230901 00:00:00,329.67
143,20231001 00:00:00,584
143,20231101 00:00:00,488
143,20231201 00:00:00,622
143,20240101 00:00:00,1248
143,20240201 00:00:00,165
143,20240301 00:00:00,572
143,20240401 00:00:00,674
143,20240501 00:00:00,502
143,20240601 00:00:00,178
143,20240801 00:00:00,387
143,20240901 00:00:00,406
143,20241001 00:00:00,518
143,20241101 00:00:00,370
143,20241201 00:00:00,690
143,20250101 00:00:00,637
143,20230501 00:00:00,161
143,20230601 00:00:00,170
143,20230701 00:00:00,617
143,20230901 00:00:00,840.3
143,20231001 00:00:00,257
142,20231101 00:00:00,646
142,20231201 00:00:00,288
142,20240101 00:00:00,1198
142,20240201 00:00:00,230
142,20240301 00:00:00,0
142,20240401 00:00:00,0
142,20240501 00:00:00,698
142,20240601 00:00:00,906
142,20240701 00:00:00,170
142,20240801 00:00:00,578
142,20240901 00:00:00,465
142,20241001 00:00:00,736
142,20241101 00:00:00,793
142,20241201 00:00:00,192
142,20230501 00:00:00,800
142,20230601 00:00:00,260
142,20230701 00:00:00,778
142,20230901 00:00:00,949.4
142,20231001 00:00:00,515
142,20231101 00:00:00,434
142,20231201 00:00:00,432
141,20240101 00:00:00,624
141,20240201 00:00:00,460
141,20240301 00:00:00,360
141,20240401 00:00:00,244
141,20240501 00:00:00,232
141,20240601 00:00:00,600
141,20240701 00:00:00,170
141,20240801 00:00:00,289
141,20240901 00:00:00,697
141,20241001 00:00:00,246
141,20241101 00:00:00,793
141,20241201 00:00:00,0
141,20230301 00:00:00,280
141,20230401 00:00:00,86.67
141,20230501 00:00:00,480
141,20230601 00:00:00,248
141,20230701 00:00:00,374
141,20230801 00:00:00,246
141,20230901 00:00:00,329.67
140,20231001 00:00:00,438
140,20231101 00:00:00,650
140,20231201 00:00:00,156
140,20240101 00:00:00,1146
140,20240201 00:00:00,331
140,20240301 00:00:00,572
140,20240401 00:00:00,674
140,20240501 00:00:00,252
140,20240601 00:00:00,354
140,20240801 00:00:00,386
140,20241001 00:00:00,518
140,20241101 00:00:00,370
140,20241201 00:00:00,690
140,20250101 00:00:00,213
140,20230301 00:00:00,280
140,20230401 00:00:00,86.66
140,20230501 00:00:00,601
140,20230601 00:00:00,95
140,20230701 00:00:00,249
140,20230801 00:00:00,430
139,20230901 00:00:00,593.65
139,20231001 00:00:00,580
139,20231101 00:00:00,420
139,20231201 00:00:00,0
139,20240101 00:00:00,1099
139,20240201 00:00:00,419
139,20240301 00:00:00,388
139,20240401 00:00:00,441
139,20240501 00:00:00,280
139,20240601 00:00:00,80
139,20240701 00:00:00,178
139,20240801 00:00:00,472
139,20240901 00:00:00,347
139,20241001 00:00:00,377
139,20241201 00:00:00,1056
139,20250101 00:00:00,279
138,20230901 00:00:00,777.14
138,20231001 00:00:00,950
138,20231101 00:00:00,1738
138,20231201 00:00:00,574
138,20240101 00:00:00,830
138,20240201 00:00:00,461
138,20240301 00:00:00,543
138,20240401 00:00:00,244
138,20240501 00:00:00,232
138,20240701 00:00:00,343
138,20240801 00:00:00,289
138,20240901 00:00:00,697
138,20241001 00:00:00,736
138,20241101 00:00:00,264
138,20241201 00:00:00,0
138,20230501 00:00:00,601
138,20230601 00:00:00,170
138,20230701 00:00:00,250
138,20230801 00:00:00,287
138,20230901 00:00:00,452.33
137,20231001 00:00:00,436
137,20231101 00:00:00,560
137,20231201 00:00:00,706
137,20240101 00:00:00,1547
137,20240201 00:00:00,419
137,20240301 00:00:00,582
137,20240401 00:00:00,661
137,20240501 00:00:00,562
137,20240601 00:00:00,80
137,20240801 00:00:00,235
137,20240901 00:00:00,347
137,20241001 00:00:00,190
137,20241201 00:00:00,269
137,20250101 00:00:00,279
137,20230901 00:00:00,838.98
137,20231001 00:00:00,290
137,20231101 00:00:00,420
137,20231201 00:00:00,0
137,20240101 00:00:00,696
137,20240201 00:00:00,628
137,20240301 00:00:00,388
137,20240401 00:00:00,443
136,20240501 00:00:00,843
136,20240601 00:00:00,80
136,20240701 00:00:00,534
136,20240801 00:00:00,708
136,20240901 00:00:00,347
136,20241001 00:00:00,377
136,20241201 00:00:00,1584
136,20250101 00:00:00,418
136,20230701 00:00:00,124
136,20230801 00:00:00,448
136,20230901 00:00:00,439.56
136,20231001 00:00:00,585
136,20231101 00:00:00,0
136,20231201 00:00:00,0
136,20240101 00:00:00,1386
136,20240201 00:00:00,166
136,20240301 00:00:00,572
136,20240401 00:00:00,674
136,20240501 00:00:00,753
136,20240601 00:00:00,532
136,20240801 00:00:00,828
135,20241001 00:00:00,520
135,20241101 00:00:00,371
135,20241201 00:00:00,517
135,20250101 00:00:00,637
135,20230501 00:00:00,924
135,20230601 00:00:00,170
135,20230701 00:00:00,603
135,20230901 00:00:00,840.3
135,20231001 00:00:00,515
135,20231101 00:00:00,434
135,20231201 00:00:00,288
135,20240101 00:00:00,416
135,20240201 00:00:00,690
135,20240301 00:00:00,360
135,20240401 00:00:00,244
135,20240501 00:00:00,466
135,20240601 00:00:00,604
135,20240701 00:00:00,342
135,20240901 00:00:00,465
135,20241001 00:00:00,246
135,20241101 00:00:00,529
134,20241201 00:00:00,385
134,20230701 00:00:00,124
134,20230801 00:00:00,777
134,20230901 00:00:00,109.89
134,20231001 00:00:00,438
134,20231101 00:00:00,488
134,20231201 00:00:00,466
134,20240101 00:00:00,1276
134,20240201 00:00:00,332
134,20240301 00:00:00,429
134,20240401 00:00:00,337
134,20240501 00:00:00,502
134,20240601 00:00:00,354
134,20240801 00:00:00,552
134,20240901 00:00:00,406
134,20241001 00:00:00,346
134,20241101 00:00:00,371
133,20241201 00:00:00,517
133,20250101 00:00:00,425
133,20230501 00:00:00,840
133,20230601 00:00:00,260
133,20230701 00:00:00,456
133,20230901 00:00:00,588.13
133,20231001 00:00:00,515
133,20231101 00:00:00,434
133,20231201 00:00:00,288
133,20240101 00:00:00,416
133,20240201 00:00:00,460
133,20240301 00:00:00,542
133,20240401 00:00:00,244
133,20240501 00:00:00,466
133,20240601 00:00:00,604
133,20240701 00:00:00,170
133,20240801 00:00:00,578
132,20240901 00:00:00,465
132,20241001 00:00:00,491
132,20241101 00:00:00,264
132,20241201 00:00:00,0
132,20230501 00:00:00,630
132,20230601 00:00:00,90
132,20230701 00:00:00,322
132,20230901 00:00:00,729.3
132,20231001 00:00:00,257
132,20231101 00:00:00,434
132,20231201 00:00:00,144
132,20240101 00:00:00,208
132,20240201 00:00:00,690
132,20240301 00:00:00,542
132,20240401 00:00:00,733
132,20240501 00:00:00,466
132,20240601 00:00:00,604
131,20240701 00:00:00,170
131,20240801 00:00:00,578
131,20240901 00:00:00,697
131,20241001 00:00:00,246
131,20241101 00:00:00,528
131,20241201 00:00:00,0
131,20230501 00:00:00,161
131,20230601 00:00:00,170
131,20230701 00:00:00,777
131,20230901 00:00:00,461.52
131,20231001 00:00:00,515
131,20231101 00:00:00,434
131,20231201 00:00:00,288
131,20240101 00:00:00,830
131,20240201 00:00:00,460
131,20240301 00:00:00,0
131,20240401 00:00:00,734
130,20240501 00:00:00,466
130,20240601 00:00:00,302
130,20240701 00:00:00,342
130,20240801 00:00:00,289
130,20240901 00:00:00,232
130,20241001 00:00:00,491
130,20241101 00:00:00,529
130,20241201 00:00:00,577
130,20230301 00:00:00,280
130,20230501 00:00:00,479
130,20230601 00:00:00,100
130,20230701 00:00:00,249
130,20230801 00:00:00,632
130,20230901 00:00:00,219.78
130,20231001 00:00:00,146
130,20231101 00:00:00,326
130,20231201 00:00:00,312
129,20240101 00:00:00,1412
129,20240201 00:00:00,332
129,20240301 00:00:00,430
129,20240401 00:00:00,168
129,20240501 00:00:00,252
129,20240601 00:00:00,532
129,20240801 00:00:00,259
129,20240901 00:00:00,406
129,20241001 00:00:00,346
129,20241101 00:00:00,185
129,20241201 00:00:00,517
129,20250101 00:00:00,425
129,20230801 00:00:00,301
129,20230901 00:00:00,439.56
129,20231001 00:00:00,295
129,20231101 00:00:00,327
129,20231201 00:00:00,155
129,20240101 00:00:00,1134
128,20240201 00:00:00,332
128,20240301 00:00:00,572
128,20240401 00:00:00,505
128,20240501 00:00:00,251
128,20240601 00:00:00,532
128,20240801 00:00:00,552
128,20240901 00:00:00,406
128,20241001 00:00:00,346
128,20241101 00:00:00,371
128,20241201 00:00:00,690
128,20250101 00:00:00,793
128,20230301 00:00:00,120
128,20230501 00:00:00,480
128,20230601 00:00:00,90
128,20230701 00:00:00,249
128,20230801 00:00:00,346
128,20230901 00:00:00,329.68
128,20231001 00:00:00,300
127,20231101 00:00:00,488
127,20231201 00:00:00,156
127,20240101 00:00:00,1076
127,20240201 00:00:00,498
127,20240301 00:00:00,286
127,20240401 00:00:00,506
127,20240501 00:00:00,502
127,20240601 00:00:00,532
127,20240801 00:00:00,129
127,20240901 00:00:00,407
127,20241001 00:00:00,346
127,20241101 00:00:00,370
127,20241201 00:00:00,345
127,20250101 00:00:00,425
127,20230801 00:00:00,202
127,20230901 00:00:00,439.56
127,20231001 00:00:00,438
127,20231101 00:00:00,327
127,20231201 00:00:00,311
127,20240101 00:00:00,255
127,20240201 00:00:00,166
126,20240301 00:00:00,286
126,20240401 00:00:00,506
126,20240501 00:00:00,502
126,20240601 00:00:00,532
126,20240801 00:00:00,828
126,20240901 00:00:00,406
126,20241001 00:00:00,518
126,20241101 00:00:00,371
126,20241201 00:00:00,517
126,20250101 00:00:00,1189
126,20230501 00:00:00,479
126,20230601 00:00:00,170
126,20230701 00:00:00,124
126,20230801 00:00:00,677
126,20230901 00:00:00,219.78
126,20231001 00:00:00,438
126,20231101 00:00:00,326
126,20231201 00:00:00,312
126,20240101 00:00:00,510
126,20240201 00:00:00,165
125,20240301 00:00:00,286
125,20240401 00:00:00,505
125,20240501 00:00:00,502
125,20240601 00:00:00,532
125,20240801 00:00:00,387
125,20240901 00:00:00,406
125,20241001 00:00:00,346
125,20241101 00:00:00,371
125,20241201 00:00:00,345
125,20250101 00:00:00,637
125,20230901 00:00:00,708.99
125,20231001 00:00:00,770
125,20231101 00:00:00,659
125,20231201 00:00:00,432
125,20240101 00:00:00,830
125,20240201 00:00:00,232
125,20240301 00:00:00,542
125,20240401 00:00:00,733
125,20240501 00:00:00,698
125,20240701 00:00:00,343
124,20240801 00:00:00,289
124,20240901 00:00:00,465
124,20241001 00:00:00,491
124,20241101 00:00:00,528
124,20241201 00:00:00,0
124,20230801 00:00:00,632
124,20231001 00:00:00,555
124,20231101 00:00:00,498
124,20231201 00:00:00,534
124,20240101 00:00:00,814
124,20240301 00:00:00,656
124,20240501 00:00:00,641
124,20240601 00:00:00,436
124,20240701 00:00:00,468
124,20240801 00:00:00,682
124,20241001 00:00:00,639
124,20241101 00:00:00,683
124,20241201 00:00:00,401
124,20230501 00:00:00,450
124,20230601 00:00:00,170
123,20230701 00:00:00,617
123,20230901 00:00:00,365.13
123,20231001 00:00:00,515
123,20231101 00:00:00,433
123,20231201 00:00:00,144
123,20240101 00:00:00,208
123,20240201 00:00:00,0
123,20240301 00:00:00,542
123,20240401 00:00:00,733
123,20240501 00:00:00,466
123,20240701 00:00:00,342
123,20240801 00:00:00,867
123,20240901 00:00:00,697
123,20241001 00:00:00,246
123,20241101 00:00:00,793
123,20241201 00:00:00,0
123,20230501 00:00:00,324
123,20230601 00:00:00,170
123,20230701 00:00:00,455
123,20230901 00:00:00,239.52
122,20231001 00:00:00,257
122,20231101 00:00:00,646
122,20231201 00:00:00,288
122,20240101 00:00:00,416
122,20240201 00:00:00,690
122,20240301 00:00:00,180
122,20240401 00:00:00,490
121,20240501 00:00:00,466
121,20240601 00:00:00,302
121,20240701 00:00:00,342
121,20240801 00:00:00,578
121,20240901 00:00:00,465
121,20241001 00:00:00,491
121,20241101 00:00:00,264
120,20241201 00:00:00,385
120,20230501 00:00:00,161
120,20230601 00:00:00,240
120,20230701 00:00:00,470
120,20230901 00:00:00,111
120,20231001 00:00:00,257
120,20231101 00:00:00,434
120,20231201 00:00:00,144
120,20240101 00:00:00,208
120,20240201 00:00:00,230
120,20240301 00:00:00,180
120,20240401 00:00:00,0
120,20240501 00:00:00,466
119,20240601 00:00:00,1208
119,20240701 00:00:00,170
119,20240801 00:00:00,867
119,20240901 00:00:00,232
119,20241001 00:00:00,491
119,20241101 00:00:00,793
118,20241201 00:00:00,769
118,20230301 00:00:00,280
118,20230401 00:00:00,86.66
118,20230501 00:00:00,601
118,20230601 00:00:00,250
118,20230701 00:00:00,250
117,20230801 00:00:00,430
117,20230901 00:00:00,387.65
117,20231001 00:00:00,436
117,20231101 00:00:00,420
117,20231201 00:00:00,352
117,20240101 00:00:00,232
117,20240201 00:00:00,420
116,20240301 00:00:00,388
116,20240401 00:00:00,441
116,20240501 00:00:00,280
116,20240601 00:00:00,80
116,20240701 00:00:00,356
116,20240801 00:00:00,472
116,20240901 00:00:00,174
115,20241001 00:00:00,377
115,20241201 00:00:00,528
115,20250101 00:00:00,140
115,20230301 00:00:00,120
115,20230401 00:00:00,86.67
115,20230501 00:00:00,480
114,20230601 00:00:00,190
114,20230701 00:00:00,249
114,20230801 00:00:00,246
113,20230901 00:00:00,219.78
113,20231001 00:00:00,600
113,20231101 00:00:00,326
113,20231201 00:00:00,466
113,20240101 00:00:00,254
113,20240201 00:00:00,331
110,20240301 00:00:00,286
109,20240401 00:00:00,505
108,20240501 00:00:00,502
107,20240601 00:00:00,354
106,20240801 00:00:00,551
104,20240901 00:00:00,609
103,20241001 00:00:00,346
103,20241101 00:00:00,185
103,20241201 00:00:00,0
103,20250101 00:00:00,425
103,20230301 00:00:00,280
103,20230501 00:00:00,601
102,20230601 00:00:00,250
100,20230701 00:00:00,125
100,20230801 00:00:00,287
100,20230901 00:00:00,348.33
100,20231001 00:00:00,436
100,20231101 00:00:00,140
100,20231201 00:00:00,352
100,20240101 00:00:00,232
100,20240201 00:00:00,420
100,20240301 00:00:00,388
100,20240401 00:00:00,441
100,20240501 00:00:00,280
100,20240601 00:00:00,80
100,20240701 00:00:00,356
100,20240801 00:00:00,235
100,20240901 00:00:00,347
99,20241001 00:00:00,378
99,20241201 00:00:00,1056
99,20250101 00:00:00,279
99,20230501 00:00:00,450
99,20230601 00:00:00,168
99,20230701 00:00:00,765
99,20230901 00:00:00,485.87
99,20231001 00:00:00,257
99,20231101 00:00:00,645
99,20231201 00:00:00,0
99,20240101 00:00:00,208
99,20240201 00:00:00,465
99,20240301 00:00:00,180
99,20240401 00:00:00,733
99,20240501 00:00:00,466
99,20240701 00:00:00,343
99,20240801 00:00:00,578
99,20240901 00:00:00,465
99,20241001 00:00:00,491
99,20241101 00:00:00,528
99,20241201 00:00:00,0
98,20230501 00:00:00,161
98,20230601 00:00:00,260
98,20230701 00:00:00,148
98,20230901 00:00:00,334
98,20231001 00:00:00,257
98,20231101 00:00:00,434
98,20231201 00:00:00,144
98,20240101 00:00:00,912
98,20240201 00:00:00,230
98,20240301 00:00:00,360
98,20240401 00:00:00,490
98,20240501 00:00:00,466
98,20240601 00:00:00,906
98,20240701 00:00:00,170
98,20240901 00:00:00,232
98,20241001 00:00:00,491
98,20241101 00:00:00,793
98,20241201 00:00:00,385
98,20230301 00:00:00,280
98,20230501 00:00:00,479
98,20230601 00:00:00,248
97,20230701 00:00:00,249
97,20230801 00:00:00,346
97,20230901 00:00:00,329.67
97,20231001 00:00:00,438
97,20231101 00:00:00,650
97,20231201 00:00:00,312
97,20240101 00:00:00,916
97,20240201 00:00:00,331
97,20240301 00:00:00,144
97,20240401 00:00:00,337
97,20240501 00:00:00,251
97,20240601 00:00:00,354
97,20240801 00:00:00,276
97,20240901 00:00:00,203
97,20241001 00:00:00,172
97,20241101 00:00:00,185
97,20241201 00:00:00,172
97,20250101 00:00:00,425
97,20230501 00:00:00,161
97,20230601 00:00:00,261
97,20230701 00:00:00,765
97,20230901 00:00:00,476.13
96,20231001 00:00:00,257
96,20231101 00:00:00,646
96,20231201 00:00:00,288
96,20240101 00:00:00,416
96,20240201 00:00:00,230
96,20240301 00:00:00,180
96,20240401 00:00:00,244
96,20240501 00:00:00,466
96,20240601 00:00:00,604
96,20240701 00:00:00,170
96,20240801 00:00:00,578
96,20240901 00:00:00,233
96,20241001 00:00:00,245
96,20241101 00:00:00,264
96,20241201 00:00:00,577
96,20230901 00:00:00,254.13
95,20231001 00:00:00,314
95,20231101 00:00:00,435
95,20231201 00:00:00,432
95,20240101 00:00:00,623
95,20240201 00:00:00,690
95,20240301 00:00:00,180
94,20240401 00:00:00,489
94,20240501 00:00:00,932
94,20240601 00:00:00,300
94,20240701 00:00:00,342
94,20240801 00:00:00,578
94,20240901 00:00:00,697
93,20241001 00:00:00,246
93,20241101 00:00:00,528
93,20241201 00:00:00,0
93,20230701 00:00:00,249
93,20230801 00:00:00,448
93,20230901 00:00:00,329.67
93,20231001 00:00:00,438
93,20231101 00:00:00,0
93,20231201 00:00:00,466
93,20240101 00:00:00,510
93,20240201 00:00:00,332
93,20240301 00:00:00,572
93,20240401 00:00:00,168
93,20240501 00:00:00,501
93,20240601 00:00:00,354
92,20240801 00:00:00,552
92,20240901 00:00:00,406
92,20241001 00:00:00,346
92,20241101 00:00:00,371
92,20241201 00:00:00,345
92,20250101 00:00:00,637
92,20230801 00:00:00,316
92,20231001 00:00:00,552
92,20231101 00:00:00,498
92,20231201 00:00:00,268
92,20240101 00:00:00,814
92,20240301 00:00:00,656
92,20240501 00:00:00,642
92,20240601 00:00:00,218
92,20240701 00:00:00,468
92,20240801 00:00:00,455
92,20241001 00:00:00,639
92,20241101 00:00:00,228
92,20241201 00:00:00,1203
91,20230701 00:00:00,124
91,20230801 00:00:00,734
91,20230901 00:00:00,329.67
91,20231001 00:00:00,585
91,20231101 00:00:00,326
91,20231201 00:00:00,466
91,20240101 00:00:00,510
91,20240201 00:00:00,166
91,20240301 00:00:00,429
91,20240401 00:00:00,337
91,20240601 00:00:00,177
91,20240801 00:00:00,387
91,20240901 00:00:00,609
91,20241001 00:00:00,346
91,20241101 00:00:00,370
91,20241201 00:00:00,345
90,20250101 00:00:00,637
90,20230801 00:00:00,316
90,20230901 00:00:00,329.67
90,20231001 00:00:00,580
90,20231101 00:00:00,280
90,20231201 00:00:00,176
90,20240101 00:00:00,464
90,20240201 00:00:00,209
90,20240301 00:00:00,387
90,20240401 00:00:00,661
90,20240501 00:00:00,563
90,20240601 00:00:00,80
90,20240701 00:00:00,355
90,20240801 00:00:00,472
90,20240901 00:00:00,521
90,20241001 00:00:00,377
89,20241201 00:00:00,797
89,20250101 00:00:00,279
89,20230301 00:00:00,120
89,20230401 00:00:00,86.67
89,20230501 00:00:00,479
89,20230601 00:00:00,248
89,20230701 00:00:00,124
89,20230801 00:00:00,489
89,20230901 00:00:00,219.78
89,20231001 00:00:00,292
89,20231101 00:00:00,326
89,20231201 00:00:00,622
89,20240101 00:00:00,1018
89,20240301 00:00:00,144
89,20240401 00:00:00,168
89,20240501 00:00:00,252
89,20240601 00:00:00,532
89,20240801 00:00:00,129
89,20241001 00:00:00,172
89,20241101 00:00:00,185
88,20241201 00:00:00,690
88,20250101 00:00:00,425
88,20230501 00:00:00,484
88,20230601 00:00:00,240
88,20230701 00:00:00,469
88,20230901 00:00:00,626.09
88,20231001 00:00:00,257
88,20231101 00:00:00,435
88,20231201 00:00:00,144
88,20240101 00:00:00,416
88,20240201 00:00:00,460
88,20240301 00:00:00,180
88,20240401 00:00:00,244
88,20240501 00:00:00,467
88,20240601 00:00:00,302
88,20240701 00:00:00,170
88,20240801 00:00:00,578
88,20240901 00:00:00,465
88,20241001 00:00:00,245
88,20241101 00:00:00,264
88,20241201 00:00:00,0
88,20230901 00:00:00,490.65
87,20231001 00:00:00,290
87,20231101 00:00:00,280
87,20231201 00:00:00,352
87,20240101 00:00:00,232
87,20240201 00:00:00,420
87,20240301 00:00:00,581
87,20240401 00:00:00,441
87,20240501 00:00:00,563
87,20240601 00:00:00,80
87,20240701 00:00:00,356
87,20240801 00:00:00,472
87,20240901 00:00:00,347
87,20241001 00:00:00,377
87,20241201 00:00:00,798
87,20250101 00:00:00,279
87,20230301 00:00:00,280
86,20230401 00:00:00,86.66
85,20230501 00:00:00,601
85,20230601 00:00:00,95
85,20230701 00:00:00,249
85,20230801 00:00:00,144
85,20230901 00:00:00,632.97
85,20231001 00:00:00,436
85,20231101 00:00:00,0
85,20231201 00:00:00,176
85,20240101 00:00:00,232
85,20240201 00:00:00,210
85,20240301 00:00:00,0
85,20240401 00:00:00,440
85,20240501 00:00:00,562
85,20240601 00:00:00,80
85,20240701 00:00:00,356
85,20240801 00:00:00,470
85,20240901 00:00:00,347
85,20241001 00:00:00,377
85,20241201 00:00:00,269
85,20250101 00:00:00,279
85,20230601 00:00:00,240
85,20230701 00:00:00,148
84,20230901 00:00:00,366.13
84,20231001 00:00:00,257
84,20231101 00:00:00,435
84,20231201 00:00:00,144
84,20240101 00:00:00,415
84,20240201 00:00:00,230
84,20240301 00:00:00,180
84,20240401 00:00:00,490
84,20240501 00:00:00,698
84,20240601 00:00:00,604
84,20240701 00:00:00,170
84,20240801 00:00:00,290
84,20240901 00:00:00,465
84,20241001 00:00:00,491
84,20241101 00:00:00,264
84,20241201 00:00:00,385
84,20230701 00:00:00,295
84,20230901 00:00:00,461.52
84,20231001 00:00:00,320
84,20231101 00:00:00,435
84,20231201 00:00:00,144
84,20240101 00:00:00,207
83,20240201 00:00:00,230
83,20240301 00:00:00,360
83,20240401 00:00:00,244
83,20240501 00:00:00,466
83,20240601 00:00:00,906
83,20240701 00:00:00,170
83,20240801 00:00:00,580
83,20240901 00:00:00,465
83,20241001 00:00:00,245
83,20241101 00:00:00,529
83,20241201 00:00:00,192
83,20230301 00:00:00,120
83,20230401 00:00:00,86.67
83,20230601 00:00:00,95
83,20230701 00:00:00,124
83,20230801 00:00:00,346
83,20230901 00:00:00,329.67
83,20231001 00:00:00,292
83,20231101 00:00:00,488
83,20231201 00:00:00,312
83,20240101 00:00:00,254
83,20240201 00:00:00,331
82,20240301 00:00:00,144
82,20240401 00:00:00,337
82,20240501 00:00:00,252
82,20240601 00:00:00,178
82,20240801 00:00:00,828
82,20240901 00:00:00,609
82,20241001 00:00:00,518
82,20241101 00:00:00,371
82,20241201 00:00:00,172
82,20250101 00:00:00,0
82,20230501 00:00:00,630
82,20230601 00:00:00,170
82,20230701 00:00:00,309
82,20230901 00:00:00,366.13
82,20231001 00:00:00,257
82,20231101 00:00:00,434
82,20231201 00:00:00,144
82,20240101 00:00:00,208
82,20240201 00:00:00,230
82,20240301 00:00:00,180
82,20240401 00:00:00,490
82,20240501 00:00:00,232
81,20240601 00:00:00,604
80,20240701 00:00:00,342
80,20240801 00:00:00,578
80,20240901 00:00:00,232
80,20241001 00:00:00,491
80,20241101 00:00:00,264
80,20241201 00:00:00,0
80,20230501 00:00:00,161
80,20230601 00:00:00,261
80,20230701 00:00:00,616
80,20230901 00:00:00,589.07
80,20231001 00:00:00,0
80,20231101 00:00:00,434
80,20231201 00:00:00,144
80,20240101 00:00:00,416
80,20240201 00:00:00,0
80,20240301 00:00:00,360
79,20240401 00:00:00,490
78,20240501 00:00:00,232
77,20240601 00:00:00,302
77,20240701 00:00:00,170
77,20240801 00:00:00,578
77,20240901 00:00:00,232
77,20241001 00:00:00,245
77,20241101 00:00:00,529
77,20241201 00:00:00,385
77,20230501 00:00:00,460
77,20230601 00:00:00,170
77,20230701 00:00:00,617
77,20230901 00:00:00,573.52
77,20231001 00:00:00,257
77,20231101 00:00:00,433
77,20231201 00:00:00,288
77,20240101 00:00:00,416
76,20240201 00:00:00,230
75,20240301 00:00:00,542
75,20240401 00:00:00,0
75,20240501 00:00:00,232
75,20240601 00:00:00,302
75,20240701 00:00:00,170
75,20240801 00:00:00,578
75,20240901 00:00:00,232
75,20241001 00:00:00,0
75,20241101 00:00:00,0
75,20241201 00:00:00,577
75,20230901 00:00:00,632.98
75,20231001 00:00:00,436
74,20231101 00:00:00,140
74,20231201 00:00:00,0
74,20240101 00:00:00,464
74,20240201 00:00:00,210
74,20240301 00:00:00,387
74,20240401 00:00:00,441
74,20240501 00:00:00,281
74,20240601 00:00:00,80
74,20240801 00:00:00,470
74,20240901 00:00:00,347
74,20241001 00:00:00,567
74,20241201 00:00:00,1325
74,20250101 00:00:00,279
74,20230901 00:00:00,594.65
73,20231001 00:00:00,435
73,20231101 00:00:00,280
73,20231201 00:00:00,176
73,20240101 00:00:00,464
73,20240201 00:00:00,419
73,20240301 00:00:00,387
73,20240501 00:00:00,563
73,20240601 00:00:00,80
73,20240701 00:00:00,356
73,20240801 00:00:00,472
73,20240901 00:00:00,347
73,20241001 00:00:00,377
73,20241201 00:00:00,798
73,20250101 00:00:00,279
73,20230501 00:00:00,479
72,20230601 00:00:00,170
72,20230701 00:00:00,124
72,20230801 00:00:00,489
72,20230901 00:00:00,219.78
72,20231001 00:00:00,584
72,20231101 00:00:00,326
72,20231201 00:00:00,156
72,20240101 00:00:00,254
72,20240201 00:00:00,331
72,20240301 00:00:00,143
72,20240401 00:00:00,168
71,20240501 00:00:00,251
71,20240601 00:00:00,532
71,20240801 00:00:00,128
71,20240901 00:00:00,609
71,20241001 00:00:00,171
71,20241101 00:00:00,185
71,20241201 00:00:00,690
71,20230801 00:00:00,474
71,20231001 00:00:00,552
71,20231101 00:00:00,332
71,20231201 00:00:00,801
71,20240101 00:00:00,814
71,20240301 00:00:00,492
71,20240501 00:00:00,428
70,20240601 00:00:00,436
70,20240701 00:00:00,156
70,20240801 00:00:00,450
70,20241001 00:00:00,213
70,20241101 00:00:00,456
70,20241201 00:00:00,401
70,20230701 00:00:00,124
70,20230801 00:00:00,489
69,20230901 00:00:00,109.89
69,20231001 00:00:00,145
69,20231101 00:00:00,163
69,20231201 00:00:00,155
69,20240101 00:00:00,255
69,20240201 00:00:00,498
67,20240301 00:00:00,429
67,20240401 00:00:00,337
67,20240501 00:00:00,502
67,20240601 00:00:00,178
65,20240801 00:00:00,551
65,20241001 00:00:00,346
65,20241101 00:00:00,185
65,20241201 00:00:00,690
65,20250101 00:00:00,793
63,20230301 00:00:00,280
62,20230501 00:00:00,479
62,20230601 00:00:00,170
62,20230701 00:00:00,124
62,20230801 00:00:00,346
62,20230901 00:00:00,219.78
62,20231001 00:00:00,146
62,20231101 00:00:00,162
62,20231201 00:00:00,156
62,20240101 00:00:00,254
61,20240201 00:00:00,165
61,20240301 00:00:00,286
61,20240401 00:00:00,169
61,20240501 00:00:00,251
61,20240601 00:00:00,354
61,20240801 00:00:00,552
61,20240901 00:00:00,204
61,20241001 00:00:00,346
60,20241101 00:00:00,371
60,20241201 00:00:00,517
60,20250101 00:00:00,213
60,20230301 00:00:00,120
60,20230401 00:00:00,86.67
60,20230501 00:00:00,480
60,20230601 00:00:00,247
60,20230701 00:00:00,124
60,20230801 00:00:00,246
60,20230901 00:00:00,439.56
60,20231001 00:00:00,292
60,20231101 00:00:00,162
60,20231201 00:00:00,466
59,20240101 00:00:00,254
59,20240201 00:00:00,165
59,20240301 00:00:00,430
59,20240401 00:00:00,168
59,20240501 00:00:00,251
59,20240601 00:00:00,354
59,20240801 00:00:00,276
59,20240901 00:00:00,407
59,20241001 00:00:00,172
58,20241101 00:00:00,185
58,20241201 00:00:00,0
58,20250101 00:00:00,213
58,20230901 00:00:00,626.09
58,20231001 00:00:00,207
58,20231101 00:00:00,435
58,20231201 00:00:00,145
58,20240101 00:00:00,415
58,20240201 00:00:00,230
58,20240301 00:00:00,180
58,20240401 00:00:00,244
58,20240501 00:00:00,467
58,20240601 00:00:00,604
57,20240701 00:00:00,170
57,20240801 00:00:00,290
57,20240901 00:00:00,233
57,20241001 00:00:00,245
57,20241101 00:00:00,529
57,20241201 00:00:00,385
57,20230901 00:00:00,222
57,20231001 00:00:00,257
57,20231101 00:00:00,435
57,20231201 00:00:00,145
57,20240101 00:00:00,623
57,20240201 00:00:00,460
57,20240301 00:00:00,0
56,20240401 00:00:00,244
56,20240501 00:00:00,466
56,20240601 00:00:00,302
56,20240701 00:00:00,170
56,20240801 00:00:00,289
56,20240901 00:00:00,697
56,20241001 00:00:00,491
56,20241101 00:00:00,529
56,20241201 00:00:00,0
56,20230801 00:00:00,316
56,20231001 00:00:00,368
56,20231101 00:00:00,332
55,20231201 00:00:00,0
55,20240101 00:00:00,542
55,20240301 00:00:00,492
55,20240501 00:00:00,641
55,20240601 00:00:00,436
55,20240701 00:00:00,313
55,20240801 00:00:00,450
55,20241001 00:00:00,213
55,20241101 00:00:00,683
55,20241201 00:00:00,401
55,20230801 00:00:00,304
55,20230901 00:00:00,439.56
55,20231001 00:00:00,580
50,20231101 00:00:00,280
50,20231201 00:00:00,530
50,20240201 00:00:00,209
50,20240401 00:00:00,442
50,20240601 00:00:00,532
50,20240801 00:00:00,551
50,20240901 00:00:00,406
50,20241101 00:00:00,0
50,20241201 00:00:00,345
50,20250101 00:00:00,425
50,20231201 00:00:00,140
50,20240101 00:00:00,415
50,20240201 00:00:00,230
50,20240301 00:00:00,180
50,20240401 00:00:00,490
50,20240501 00:00:00,466
50,20240601 00:00:00,604
50,20240701 00:00:00,512
49,20240801 00:00:00,289
49,20240901 00:00:00,465
49,20241001 00:00:00,245
49,20241101 00:00:00,529
49,20241201 00:00:00,385
49,20230501 00:00:00,479
49,20230601 00:00:00,250
49,20230701 00:00:00,124
49,20230801 00:00:00,532
49,20230901 00:00:00,219.78
49,20231001 00:00:00,292
49,20231101 00:00:00,0
49,20231201 00:00:00,156
49,20240101 00:00:00,254
49,20240201 00:00:00,332
49,20240301 00:00:00,143
49,20240401 00:00:00,168
49,20240501 00:00:00,252
48,20240601 00:00:00,532
48,20240801 00:00:00,275
48,20240901 00:00:00,204
48,20241001 00:00:00,171
48,20241101 00:00:00,180
48,20241201 00:00:00,172
48,20250101 00:00:00,213
48,20230901 00:00:00,387.65
48,20231001 00:00:00,290
48,20231101 00:00:00,140
48,20231201 00:00:00,176
48,20240101 00:00:00,232
48,20240201 00:00:00,420
48,20240301 00:00:00,581
48,20240401 00:00:00,220
48,20240501 00:00:00,281
48,20240601 00:00:00,80
48,20240701 00:00:00,178
47,20240801 00:00:00,470
47,20240901 00:00:00,347
47,20241001 00:00:00,190
47,20241201 00:00:00,798
47,20250101 00:00:00,140
47,20230901 00:00:00,439.56
47,20231001 00:00:00,295
47,20231101 00:00:00,163
47,20231201 00:00:00,156
47,20240101 00:00:00,1088
47,20240201 00:00:00,165
47,20240301 00:00:00,286
47,20240401 00:00:00,168
47,20240501 00:00:00,251
47,20240601 00:00:00,0
47,20240801 00:00:00,551
47,20240901 00:00:00,203
47,20241001 00:00:00,173
47,20241101 00:00:00,370
46,20241201 00:00:00,172
46,20250101 00:00:00,425
46,20230801 00:00:00,316
46,20231001 00:00:00,554
46,20231101 00:00:00,499
45,20231201 00:00:00,267
45,20240101 00:00:00,542
45,20240301 00:00:00,328
45,20240501 00:00:00,213
45,20240601 00:00:00,436
45,20240701 00:00:00,157
45,20240801 00:00:00,460
45,20241001 00:00:00,0
45,20241101 00:00:00,683
45,20241201 00:00:00,401
45,20231201 00:00:00,140
45,20240101 00:00:00,415
45,20240201 00:00:00,0
45,20240301 00:00:00,180
45,20240401 00:00:00,490
45,20240501 00:00:00,232
45,20240601 00:00:00,604
45,20240701 00:00:00,342
45,20240801 00:00:00,870
44,20240901 00:00:00,465
44,20241001 00:00:00,245
44,20241101 00:00:00,264
44,20241201 00:00:00,577
44,20240101 00:00:00,207
44,20240201 00:00:00,461
44,20240301 00:00:00,543
44,20240401 00:00:00,490
44,20240501 00:00:00,466
44,20240701 00:00:00,170
44,20240801 00:00:00,578
44,20240901 00:00:00,697
44,20241001 00:00:00,491
44,20241101 00:00:00,528
44,20241201 00:00:00,0
44,20230901 00:00:00,387.65
44,20231001 00:00:00,290
43,20231101 00:00:00,140
43,20231201 00:00:00,176
43,20240101 00:00:00,232
43,20240201 00:00:00,628
43,20240301 00:00:00,388
43,20240401 00:00:00,220
43,20240501 00:00:00,280
42,20240601 00:00:00,80
42,20240701 00:00:00,178
42,20240901 00:00:00,347
42,20241001 00:00:00,190
42,20241201 00:00:00,798
42,20250101 00:00:00,279
42,20230901 00:00:00,490.65
42,20231001 00:00:00,146
42,20231101 00:00:00,140
42,20231201 00:00:00,530
42,20240101 00:00:00,464
42,20240201 00:00:00,0
42,20240301 00:00:00,193
41,20240401 00:00:00,221
41,20240501 00:00:00,563
41,20240601 00:00:00,80
41,20240701 00:00:00,178
41,20240801 00:00:00,235
41,20240901 00:00:00,174
41,20241001 00:00:00,190
41,20241201 00:00:00,786
41,20250101 00:00:00,140
41,20230301 00:00:00,280
41,20230401 00:00:00,86.66
41,20230501 00:00:00,601
40,20230601 00:00:00,250
40,20230701 00:00:00,249
40,20230801 00:00:00,144
40,20230901 00:00:00,593.65
40,20231001 00:00:00,146
40,20231101 00:00:00,0
40,20231201 00:00:00,176
40,20240101 00:00:00,232
39,20240201 00:00:00,0
39,20240301 00:00:00,0
39,20240401 00:00:00,220
39,20240501 00:00:00,280
39,20240601 00:00:00,80
39,20240701 00:00:00,178
39,20240801 00:00:00,235
39,20240901 00:00:00,174
39,20241001 00:00:00,0
39,20241201 00:00:00,528
39,20250101 00:00:00,0
39,20230901 00:00:00,245.33
39,20231001 00:00:00,436
38,20231101 00:00:00,280
38,20231201 00:00:00,176
38,20240101 00:00:00,232
38,20240201 00:00:00,210
38,20240301 00:00:00,388
38,20240401 00:00:00,221
38,20240501 00:00:00,563
38,20240601 00:00:00,80
38,20240701 00:00:00,178
38,20240801 00:00:00,235
38,20240901 00:00:00,174
38,20241001 00:00:00,190
38,20241201 00:00:00,539
37,20250101 00:00:00,140
37,20231201 00:00:00,176
37,20240101 00:00:00,232
37,20240201 00:00:00,419
37,20240301 00:00:00,193
37,20240401 00:00:00,441
37,20240501 00:00:00,281
37,20240601 00:00:00,80
37,20240701 00:00:00,177
37,20240801 00:00:00,472
37,20240901 00:00:00,348
37,20241001 00:00:00,377
37,20241201 00:00:00,797
37,20250101 00:00:00,279
37,20240101 00:00:00,207
37,20240201 00:00:00,460
37,20240301 00:00:00,180
37,20240401 00:00:00,244
37,20240501 00:00:00,466
36,20240601 00:00:00,604
36,20240701 00:00:00,342
36,20240801 00:00:00,289
36,20240901 00:00:00,465
36,20241001 00:00:00,491
36,20241101 00:00:00,264
36,20241201 00:00:00,192
36,20230801 00:00:00,632
36,20230901 00:00:00,329.67
36,20231001 00:00:00,290
36,20231101 00:00:00,140
36,20231201 00:00:00,176
36,20240101 00:00:00,464
36,20240201 00:00:00,419
36,20240301 00:00:00,193
36,20240401 00:00:00,220
35,20240501 00:00:00,563
35,20240601 00:00:00,80
35,20240701 00:00:00,178
35,20241001 00:00:00,0
35,20241201 00:00:00,517
35,20250101 00:00:00,0
35,20240101 00:00:00,813
35,20240301 00:00:00,492
35,20240501 00:00:00,427
35,20240601 00:00:00,218
35,20240701 00:00:00,313
35,20240801 00:00:00,682
35,20241001 00:00:00,213
35,20241101 00:00:00,228
35,20241201 00:00:00,802
35,20230801 00:00:00,474
35,20231001 00:00:00,368
35,20231101 00:00:00,167
35,20231201 00:00:00,267
34,20240101 00:00:00,272
34,20240301 00:00:00,328
34,20240501 00:00:00,641
34,20240601 00:00:00,218
34,20240701 00:00:00,157
34,20240801 00:00:00,228
34,20241001 00:00:00,426
34,20241101 00:00:00,229
34,20241201 00:00:00,401
34,20230701 00:00:00,124
34,20230801 00:00:00,631
34,20230901 00:00:00,109.89
34,20231001 00:00:00,400
34,20231101 00:00:00,163
34,20231201 00:00:00,312
34,20240101 00:00:00,255
34,20240201 00:00:00,332
34,20240301 00:00:00,143
34,20240401 00:00:00,338
33,20240501 00:00:00,251
33,20240601 00:00:00,0
33,20240801 00:00:00,127
33,20241001 00:00:00,172
33,20241101 00:00:00,185
33,20241201 00:00:00,173
33,20250101 00:00:00,425
33,20230701 00:00:00,124
33,20230801 00:00:00,448
33,20230901 00:00:00,329.67
33,20231001 00:00:00,145
33,20231101 00:00:00,163
33,20231201 00:00:00,155
33,20240101 00:00:00,255
33,20240201 00:00:00,166
33,20240301 00:00:00,143
33,20240401 00:00:00,168
33,20240501 00:00:00,251
33,20240601 00:00:00,178
32,20240801 00:00:00,276
32,20240901 00:00:00,203
32,20241001 00:00:00,172
32,20241101 00:00:00,371
32,20241201 00:00:00,172
32,20250101 00:00:00,212
32,20231201 00:00:00,140
32,20240101 00:00:00,415
32,20240201 00:00:00,0
32,20240301 00:00:00,360
32,20240401 00:00:00,244
32,20240501 00:00:00,466
32,20240701 00:00:00,342
32,20240801 00:00:00,578
32,20240901 00:00:00,232
32,20241001 00:00:00,491
32,20241101 00:00:00,264
32,20241201 00:00:00,385
31,20230801 00:00:00,158
31,20231001 00:00:00,368
31,20231101 00:00:00,166
31,20231201 00:00:00,534
31,20240101 00:00:00,542
31,20240301 00:00:00,492
31,20240501 00:00:00,427
31,20240601 00:00:00,218
31,20240701 00:00:00,313
31,20240801 00:00:00,228
31,20241001 00:00:00,0
31,20241101 00:00:00,456
31,20241201 00:00:00,0
31,20231001 00:00:00,368
31,20231101 00:00:00,166
31,20231201 00:00:00,534
31,20240101 00:00:00,542
31,20240301 00:00:00,328
30,20240501 00:00:00,428
30,20240601 00:00:00,0
30,20240701 00:00:00,156
30,20240801 00:00:00,228
30,20241001 00:00:00,213
30,20241101 00:00:00,456
30,20241201 00:00:00,401
30,20240101 00:00:00,207
30,20240201 00:00:00,230
30,20240301 00:00:00,180
30,20240401 00:00:00,490
30,20240501 00:00:00,698
30,20240601 00:00:00,302
30,20240701 00:00:00,170
30,20240801 00:00:00,289
29,20240901 00:00:00,232
29,20241001 00:00:00,491
29,20241101 00:00:00,528
29,20241201 00:00:00,0
29,20230301 00:00:00,458
29,20230601 00:00:00,324
29,20230701 00:00:00,498
29,20230801 00:00:00,430
29,20240301 00:00:00,143
29,20240401 00:00:00,168
29,20240501 00:00:00,252
28,20240601 00:00:00,0
28,20240801 00:00:00,259
28,20241001 00:00:00,173
28,20241101 00:00:00,185
28,20241201 00:00:00,690
28,20250101 00:00:00,212
28,20230901 00:00:00,127.55
28,20231001 00:00:00,250
28,20231101 00:00:00,435
28,20231201 00:00:00,288
28,20240101 00:00:00,207
28,20240201 00:00:00,230
28,20240301 00:00:00,0
28,20240401 00:00:00,244
28,20240501 00:00:00,0
28,20240601 00:00:00,302
28,20240701 00:00:00,342
28,20240801 00:00:00,578
27,20240901 00:00:00,232
27,20241001 00:00:00,246
27,20241101 00:00:00,264
27,20241201 00:00:00,0
27,20240101 00:00:00,207
27,20240201 00:00:00,230
27,20240301 00:00:00,180
27,20240401 00:00:00,244
27,20240501 00:00:00,466
27,20240601 00:00:00,300
27,20240701 00:00:00,342
27,20240801 00:00:00,289
27,20240901 00:00:00,465
27,20241001 00:00:00,491
27,20241101 00:00:00,528
27,20241201 00:00:00,0
27,20230801 00:00:00,632
27,20231001 00:00:00,552
26,20231101 00:00:00,166
26,20231201 00:00:00,267
26,20240101 00:00:00,272
26,20240301 00:00:00,164
26,20240501 00:00:00,214
26,20240601 00:00:00,218
26,20240701 00:00:00,468
26,20240801 00:00:00,228
26,20241001 00:00:00,426
26,20241101 00:00:00,0
26,20240601 00:00:00,354
26,20240801 00:00:00,551
26,20240901 00:00:00,484
26,20241001 00:00:00,346
26,20241101 00:00:00,370
25,20241201 00:00:00,517
25,20250101 00:00:00,793
25,20231201 00:00:00,140
25,20240101 00:00:00,415
25,20240201 00:00:00,0
25,20240301 00:00:00,360
25,20240401 00:00:00,244
25,20240501 00:00:00,232
25,20240601 00:00:00,604
25,20240701 00:00:00,170
25,20240801 00:00:00,289
25,20240901 00:00:00,232
25,20241001 00:00:00,246
25,20241101 00:00:00,264
25,20241201 00:00:00,192
25,20230901 00:00:00,387.65
25,20231001 00:00:00,290
25,20231101 00:00:00,0
25,20231201 00:00:00,176
24,20240101 00:00:00,696
24,20240201 00:00:00,628
24,20240301 00:00:00,0
24,20240501 00:00:00,281
24,20240601 00:00:00,80
24,20240701 00:00:00,178
24,20240801 00:00:00,235
24,20240901 00:00:00,0
24,20241001 00:00:00,0
24,20241201 00:00:00,269
24,20250101 00:00:00,140
24,20240101 00:00:00,541
24,20240301 00:00:00,165
24,20240501 00:00:00,427
24,20240601 00:00:00,218
23,20240701 00:00:00,157
23,20240801 00:00:00,455
23,20241001 00:00:00,426
23,20241101 00:00:00,456
23,20241201 00:00:00,401
23,20240101 00:00:00,271
23,20240301 00:00:00,328
23,20240501 00:00:00,428
23,20240601 00:00:00,218
23,20240801 00:00:00,460
23,20241001 00:00:00,639
23,20241101 00:00:00,456
23,20241201 00:00:00,401
23,20231201 00:00:00,178
23,20240101 00:00:00,696
23,20240201 00:00:00,209
23,20240301 00:00:00,387
23,20240501 00:00:00,281
23,20240601 00:00:00,80
22,20240801 00:00:00,472
22,20240901 00:00:00,0
22,20241001 00:00:00,190
22,20241201 00:00:00,269
22,20250101 00:00:00,418
22,20240601 00:00:00,532
22,20240801 00:00:00,827
22,20240901 00:00:00,484
22,20241001 00:00:00,346
22,20241101 00:00:00,185
22,20241201 00:00:00,345
22,20250101 00:00:00,396
21,20230901 00:00:00,593.65
21,20231001 00:00:00,146
21,20231101 00:00:00,140
21,20231201 00:00:00,176
21,20240101 00:00:00,696
21,20240201 00:00:00,210
21,20240301 00:00:00,0
21,20240501 00:00:00,280
21,20240601 00:00:00,80
21,20240701 00:00:00,178
21,20240901 00:00:00,0
21,20241001 00:00:00,190
21,20241201 00:00:00,269
21,20250101 00:00:00,140
21,20230901 00:00:00,632.98
21,20231001 00:00:00,145
21,20231101 00:00:00,140
21,20231201 00:00:00,176
21,20240101 00:00:00,464
20,20240201 00:00:00,0
20,20240301 00:00:00,0
20,20240501 00:00:00,281
20,20240601 00:00:00,80
20,20240701 00:00:00,178
20,20240901 00:00:00,0
20,20241001 00:00:00,190
20,20241201 00:00:00,528
20,20250101 00:00:00,140
20,20230801 00:00:00,158
20,20231001 00:00:00,184
20,20231101 00:00:00,166
20,20231201 00:00:00,267
20,20240101 00:00:00,0
20,20240301 00:00:00,164
20,20240501 00:00:00,0
19,20240601 00:00:00,436
19,20240701 00:00:00,157
19,20240801 00:00:00,228
19,20241001 00:00:00,426
19,20241101 00:00:00,228
19,20241201 00:00:00,401
19,20240101 00:00:00,541
19,20240301 00:00:00,329
19,20240501 00:00:00,213
19,20240601 00:00:00,218
19,20240801 00:00:00,228
19,20241001 00:00:00,426
18,20241101 00:00:00,456
18,20241201 00:00:00,401
18,20240601 00:00:00,531
18,20240801 00:00:00,259
18,20240901 00:00:00,406
18,20241001 00:00:00,172
18,20241101 00:00:00,370
18,20241201 00:00:00,173
18,20250101 00:00:00,793
18,20231201 00:00:00,180
18,20240101 00:00:00,0
18,20240201 00:00:00,419
18,20240301 00:00:00,193
18,20240401 00:00:00,220
18,20240501 00:00:00,281
18,20240601 00:00:00,80
18,20240701 00:00:00,178
18,20240901 00:00:00,521
18,20241001 00:00:00,190
17,20241201 00:00:00,269
17,20250101 00:00:00,140
17,20240601 00:00:00,178
17,20240801 00:00:00,551
17,20240901 00:00:00,484
17,20241001 00:00:00,346
17,20241101 00:00:00,370
17,20241201 00:00:00,345
17,20250101 00:00:00,396
17,20240601 00:00:00,353
17,20240801 00:00:00,259
17,20240901 00:00:00,726
17,20241001 00:00:00,172
17,20241101 00:00:00,370
17,20241201 00:00:00,345
17,20250101 00:00:00,396
17,20230901 00:00:00,127.52
17,20231001 00:00:00,0
17,20231101 00:00:00,0
16,20231201 00:00:00,0
16,20240101 00:00:00,0
16,20240201 00:00:00,0
16,20240301 00:00:00,180
16,20240401 00:00:00,0
16,20240501 00:00:00,232
16,20240601 00:00:00,604
16,20240701 00:00:00,170
16,20240901 00:00:00,232
16,20241001 00:00:00,491
16,20241101 00:00:00,529
16,20241201 00:00:00,0
16,20240501 00:00:00,466
16,20240601 00:00:00,302
16,20240701 00:00:00,342
16,20240801 00:00:00,578
15,20240901 00:00:00,232
15,20241001 00:00:00,246
15,20241101 00:00:00,264
15,20241201 00:00:00,0
15,20230901 00:00:00,306.79
15,20231001 00:00:00,0
15,20231101 00:00:00,0
15,20231201 00:00:00,0
15,20240101 00:00:00,0
15,20240201 00:00:00,460
15,20240301 00:00:00,180
15,20240401 00:00:00,0
15,20240501 00:00:00,466
15,20240601 00:00:00,302
15,20240701 00:00:00,170
15,20240901 00:00:00,232
14,20241001 00:00:00,246
14,20241101 00:00:00,0
14,20241201 00:00:00,0
14,20240601 00:00:00,354
14,20240801 00:00:00,259
14,20240901 00:00:00,406
14,20241001 00:00:00,346
14,20241101 00:00:00,370
14,20241201 00:00:00,172
14,20250101 00:00:00,397
14,20240601 00:00:00,354
14,20240801 00:00:00,129
14,20240901 00:00:00,242
14,20241101 00:00:00,370
14,20241201 00:00:00,0
14,20250101 00:00:00,1189
14,20240601 00:00:00,354
14,20240801 00:00:00,258
14,20240901 00:00:00,243
13,20241001 00:00:00,172
13,20241101 00:00:00,370
13,20241201 00:00:00,345
13,20250101 00:00:00,396
13,20240601 00:00:00,216
13,20240701 00:00:00,469
13,20241001 00:00:00,639
13,20241101 00:00:00,0
13,20241201 00:00:00,802
13,20240601 00:00:00,80
13,20240801 00:00:00,475
13,20240901 00:00:00,347
12,20241001 00:00:00,377
12,20241201 00:00:00,539
12,20250101 00:00:00,279
12,20240501 00:00:00,466
12,20240601 00:00:00,302
12,20240801 00:00:00,289
12,20240901 00:00:00,232
12,20241001 00:00:00,246
12,20241101 00:00:00,528
12,20241201 00:00:00,0
12,20240601 00:00:00,354
12,20240801 00:00:00,129
12,20240901 00:00:00,242
12,20241001 00:00:00,172
12,20241101 00:00:00,370
12,20241201 00:00:00,345
12,20250101 00:00:00,396
11,20240601 00:00:00,354
11,20240801 00:00:00,551
11,20240901 00:00:00,0
11,20241001 00:00:00,346
11,20241101 00:00:00,185
11,20241201 00:00:00,172
11,20250101 00:00:00,396
11,20240601 00:00:00,80
11,20240701 00:00:00,534
11,20240801 00:00:00,472
11,20240901 00:00:00,174
11,20241001 00:00:00,190
11,20241201 00:00:00,269
10,20250101 00:00:00,279
10,20240601 00:00:00,80
10,20240801 00:00:00,472
10,20240901 00:00:00,174
10,20241001 00:00:00,377
10,20241201 00:00:00,798
10,20250101 00:00:00,0
10,20240601 00:00:00,354
10,20240801 00:00:00,279
10,20240901 00:00:00,243
10,20241001 00:00:00,173
10,20241101 00:00:00,185
10,20241201 00:00:00,172
10,20250101 00:00:00,396
10,20231001 00:00:00,185
9,20231101 00:00:00,166
9,20231201 00:00:00,267
9,20240101 00:00:00,0
9,20240301 00:00:00,0
9,20240501 00:00:00,213
9,20240601 00:00:00,435
9,20240801 00:00:00,228
9,20241001 00:00:00,0
9,20241101 00:00:00,228
9,20240601 00:00:00,80
9,20240801 00:00:00,235
9,20240901 00:00:00,347
9,20241001 00:00:00,377
7,20241201 00:00:00,528
7,20250101 00:00:00,140
7,20240601 00:00:00,80
7,20240801 00:00:00,235
7,20240901 00:00:00,174
7,20241001 00:00:00,377
7,20241201 00:00:00,538
7,20250101 00:00:00,279
7,20240601 00:00:00,178
7,20240801 00:00:00,275
7,20241001 00:00:00,173
7,20241101 00:00:00,0
7,20241201 00:00:00,172
6,20250101 00:00:00,793
6,20240601 00:00:00,436
6,20240701 00:00:00,156
6,20240801 00:00:00,228
6,20241001 00:00:00,0
6,20241101 00:00:00,684
6,20241201 00:00:00,0
6,20240601 00:00:00,178
6,20240801 00:00:00,129
6,20240901 00:00:00,242
5,20241001 00:00:00,172
5,20241101 00:00:00,185
5,20241201 00:00:00,172
5,20250101 00:00:00,396
5,20240601 00:00:00,80
5,20240801 00:00:00,240
5,20240901 00:00:00,347
5,20241001 00:00:00,0
5,20241201 00:00:00,539
5,20250101 00:00:00,140
5,20240601 00:00:00,215
5,20241001 00:00:00,213
5,20241101 00:00:00,456
4,20241201 00:00:00,401
4,20240601 00:00:00,177
4,20240801 00:00:00,127
4,20240901 00:00:00,203
4,20241001 00:00:00,0
4,20241101 00:00:00,185
4,20241201 00:00:00,173
4,20250101 00:00:00,396
4,20240601 00:00:00,80
4,20240801 00:00:00,235
4,20240901 00:00:00,174
4,20241001 00:00:00,190
4,20241201 00:00:00,269
4,20250101 00:00:00,279
4,20240601 00:00:00,80
3,20240701 00:00:00,534
3,20240801 00:00:00,240
3,20240901 00:00:00,0
3,20241001 00:00:00,0
3,20241201 00:00:00,269
3,20250101 00:00:00,0
3,20240601 00:00:00,178
3,20241001 00:00:00,346
3,20241101 00:00:00,185
3,20241201 00:00:00,0
3,20250101 00:00:00,396
3,20230501 00:00:00,161
3,20230601 00:00:00,170
2,20230701 00:00:00,470
2,20230901 00:00:00,254.13
2,20231001 00:00:00,0
2,20240601 00:00:00,80
2,20240801 00:00:00,235
2,20240901 00:00:00,174
2,20241001 00:00:00,0
2,20241201 00:00:00,259
2,20250101 00:00:00,279
2,20250101 00:00:00,418
2,20240601 00:00:00,80
2,20240901 00:00:00,0
2,20250101 00:00:00,279
1,20230801 00:00:00,316
1,20250101 00:00:00,279
1,20250101 00:00:00,279
1,20250101 00:00:00,279
1,20250101 00:00:00,140
1,20250101 00:00:00,140
1,20250101 00:00:00,140
1,20250101 00:00:00,140
1,20250101 00:00:00,140
1,20250101 00:00:00,0
1,20250101 00:00:00,0
1,20250101 00:00:00,0